{
  "accuracy": 55.080213903743314,
  "positive_accuracy": 33.155080213903744,
  "negative_accuracy": 77.00534759358288,
  "total_samples": 1870,
  "positive_samples": 935,
  "negative_samples": 935
}