{
  "accuracy": 76.2566844919786,
  "positive_accuracy": 94.8663101604278,
  "negative_accuracy": 57.647058823529406,
  "total_samples": 1870,
  "positive_samples": 935,
  "negative_samples": 935
}